_id,username,email,createdAt,updatedAt
696559c97f0f6a716067ba2c,alice_martin,alice.martin@email.com,2026-01-12T20:30:01.709Z,2026-01-12T20:30:02.440Z
696559c97f0f6a716067ba2e,bob_dupont,bob.dupont@email.com,2026-01-12T20:30:01.805Z,2026-01-12T20:30:02.445Z
696559c97f0f6a716067ba30,claire_bernard,claire.bernard@email.com,2026-01-12T20:30:01.897Z,2026-01-12T20:30:02.449Z
696559c97f0f6a716067ba32,david_rousseau,david.rousseau@email.com,2026-01-12T20:30:01.974Z,2026-01-12T20:30:02.452Z
696559ca7f0f6a716067ba34,emma_petit,emma.petit@email.com,2026-01-12T20:30:02.042Z,2026-01-12T20:30:02.456Z
696559ca7f0f6a716067ba36,felix_moreau,felix.moreau@email.com,2026-01-12T20:30:02.112Z,2026-01-12T20:30:02.461Z
696559ca7f0f6a716067ba38,gabrielle_simon,gabrielle.simon@email.com,2026-01-12T20:30:02.179Z,2026-01-12T20:30:02.467Z
696559ca7f0f6a716067ba3a,hugo_laurent,hugo.laurent@email.com,2026-01-12T20:30:02.248Z,2026-01-12T20:30:02.435Z
6965666c3a781c4b9b079fd9,manar,manartrimeche@gmail.com,2026-01-12T21:23:56.558Z,2026-01-12T21:23:56.728Z
